state_territory,week_end,actual,Logistic Regression_prediction,Random Forest_prediction,XGBoost_prediction
ak,2025-07-26,1,1,0,0
ak,2025-08-02,0,1,0,0
ak,2025-08-09,0,1,0,0
ak,2025-08-16,0,1,0,0
ak,2025-08-23,0,1,0,0
ak,2025-08-30,1,1,0,0
ak,2025-09-06,0,1,0,0
ak,2025-09-13,0,1,0,0
ak,2025-09-20,0,0,0,0
ak,2025-09-27,0,0,0,0
ak,2025-10-04,0,0,0,0
ak,2025-10-11,0,0,0,0
ak,2025-10-18,0,0,0,0
ak,2025-10-25,0,0,0,0
ak,2025-11-01,1,0,0,0
ak,2025-11-08,0,1,0,0
ak,2025-11-15,0,0,0,0
ak,2025-11-22,0,0,0,0
ak,2025-11-29,0,0,0,0
ak,2025-12-06,0,1,0,0
ak,2025-12-13,0,1,0,0
ak,2025-12-20,0,0,0,0
ak,2025-12-27,0,1,0,0
ak,2026-01-03,0,0,0,0
ak,2026-01-10,0,0,0,0
ak,2026-01-17,0,0,0,0
ak,2026-01-24,0,0,0,0
ak,2026-01-31,0,0,0,0
ak,2026-02-07,0,0,0,0
ak,2026-02-14,0,0,0,0
ak,2026-02-21,0,0,0,0
ak,2026-02-28,0,0,0,0
ak,2026-03-07,0,0,0,0
ak,2026-03-14,0,0,0,0
ak,2026-03-21,0,0,0,0
ak,2026-03-28,0,0,0,0
ak,2026-04-04,0,0,0,0
ak,2026-04-11,0,0,0,0
ak,2026-04-18,0,0,0,0
ak,2026-04-25,0,0,0,0
ak,2026-05-02,0,0,0,0
ak,2026-05-09,0,0,0,0
ak,2026-05-16,0,0,0,0
ak,2026-05-23,0,0,0,0
ak,2026-05-30,0,0,0,0
ak,2026-06-06,0,0,0,0
ak,2026-06-13,0,0,0,0
ak,2026-06-20,0,0,0,0
al,2025-07-26,0,1,0,0
al,2025-08-02,0,1,0,0
al,2025-08-09,0,1,0,0
al,2025-08-16,1,1,0,0
al,2025-08-23,0,1,0,0
al,2025-08-30,1,1,0,0
al,2025-09-06,0,1,0,0
al,2025-09-13,0,1,0,0
al,2025-09-20,0,1,0,0
al,2025-11-22,0,0,0,0
al,2025-11-29,0,0,0,0
al,2025-12-06,0,1,0,0
al,2025-12-13,0,1,0,0
al,2025-12-20,0,1,0,1
al,2025-12-27,0,1,0,1
al,2026-01-03,0,0,0,0
al,2026-01-10,0,0,0,0
al,2026-01-17,0,0,0,0
al,2026-01-24,0,0,0,0
al,2026-01-31,0,0,0,0
al,2026-02-07,0,0,0,0
al,2026-02-14,0,0,0,0
al,2026-02-21,0,0,0,0
al,2026-03-14,0,0,0,0
al,2026-03-21,0,0,0,0
al,2026-03-28,0,0,0,0
al,2026-04-04,0,0,0,0
al,2026-04-11,0,0,0,0
al,2026-05-02,0,0,0,0
al,2026-05-09,0,0,0,0
al,2026-05-16,0,0,0,0
al,2026-05-23,0,0,0,0
al,2026-05-30,0,0,0,0
al,2026-06-06,0,0,0,0
ar,2025-07-26,0,0,0,0
ar,2025-08-02,0,1,0,0
ar,2025-08-09,0,1,0,0
ar,2025-08-16,0,1,0,0
ar,2025-08-23,0,1,0,0
ar,2025-08-30,0,1,0,0
ar,2025-09-06,0,1,0,0
ar,2025-09-13,0,1,0,0
ar,2025-09-20,0,1,0,0
ar,2025-09-27,0,0,0,0
ar,2025-10-04,0,0,0,0
ar,2025-10-11,0,0,0,0
ar,2025-10-18,0,0,0,0
ar,2025-10-25,0,0,0,0
ar,2025-11-01,0,0,0,0
ar,2025-11-08,0,1,0,0
ar,2025-11-15,0,1,0,0
ar,2025-11-22,0,0,0,1
ar,2025-11-29,0,0,0,0
ar,2025-12-06,0,1,0,0
ar,2025-12-13,0,1,0,0
ar,2025-12-20,1,1,0,0
ar,2025-12-27,0,1,0,0
ar,2026-01-03,0,0,0,0
ar,2026-01-10,0,0,0,0
ar,2026-01-17,0,0,0,0
ar,2026-01-24,0,0,0,0
ar,2026-01-31,0,0,0,0
ar,2026-02-07,0,0,0,0
ar,2026-02-14,0,0,0,0
ar,2026-02-21,0,0,0,0
ar,2026-02-28,0,0,0,0
ar,2026-03-07,0,0,0,0
ar,2026-03-14,0,0,0,0
ar,2026-03-21,0,0,0,0
ar,2026-03-28,0,0,0,0
ar,2026-04-04,0,0,0,0
ar,2026-04-11,0,0,0,0
ar,2026-04-18,0,0,0,0
ar,2026-04-25,0,0,0,0
ar,2026-05-02,0,0,0,0
ar,2026-05-09,0,0,0,0
ar,2026-05-16,0,0,0,0
ar,2026-05-23,0,0,0,0
ar,2026-05-30,0,0,0,0
ar,2026-06-06,0,0,0,0
ar,2026-06-13,0,0,0,0
ar,2026-06-20,0,0,0,0
az,2025-07-26,0,0,0,0
az,2025-08-02,0,0,0,0
az,2025-08-09,0,1,0,0
az,2025-08-16,0,1,0,0
az,2025-08-23,0,1,0,0
az,2025-08-30,0,1,0,0
az,2025-09-06,0,1,0,0
az,2025-09-13,0,0,0,0
az,2025-09-20,0,1,0,0
az,2025-09-27,0,1,0,0
az,2025-10-04,0,0,0,0
az,2025-10-11,0,0,0,0
az,2025-10-18,0,0,0,0
az,2025-10-25,0,1,0,0
az,2025-11-01,0,0,0,0
az,2025-11-08,0,1,0,0
az,2025-11-15,0,1,0,0
az,2025-11-22,0,1,0,0
az,2025-11-29,0,1,0,0
az,2025-12-06,0,0,0,0
az,2025-12-13,0,1,0,0
az,2025-12-20,0,1,0,0
az,2025-12-27,0,1,0,0
az,2026-01-03,0,0,0,0
az,2026-01-10,0,0,0,0
az,2026-01-17,0,0,0,0
az,2026-01-24,0,0,0,0
az,2026-01-31,0,0,0,0
az,2026-02-07,0,0,0,0
az,2026-02-14,0,0,0,0
az,2026-02-21,0,0,0,0
az,2026-02-28,0,0,0,0
az,2026-03-07,0,0,0,0
az,2026-03-14,0,0,0,0
az,2026-03-21,0,0,0,0
az,2026-03-28,0,0,0,0
az,2026-04-04,0,0,0,0
az,2026-04-11,0,0,0,0
az,2026-04-18,0,0,0,0
az,2026-04-25,0,0,0,0
az,2026-05-02,0,0,0,0
az,2026-05-09,0,0,0,0
az,2026-05-16,0,0,0,0
az,2026-05-23,0,0,0,0
az,2026-05-30,0,0,0,0
az,2026-06-06,0,0,0,0
az,2026-06-13,0,0,0,0
ca,2025-07-26,0,0,0,0
ca,2025-08-02,0,0,0,0
ca,2025-08-09,0,0,0,0
ca,2025-08-16,0,0,0,0
ca,2025-08-23,0,0,0,0
ca,2025-08-30,0,0,0,0
ca,2025-09-06,0,0,0,0
ca,2025-09-13,0,0,0,0
ca,2025-09-20,0,0,0,0
ca,2025-09-27,0,0,0,0
ca,2025-10-04,0,0,0,0
ca,2025-10-11,0,0,0,0
ca,2025-10-18,0,0,0,0
ca,2025-10-25,0,0,0,0
ca,2025-11-01,0,0,0,0
ca,2025-11-08,0,0,0,0
ca,2025-11-15,0,0,0,0
ca,2025-11-22,0,0,0,0
ca,2025-11-29,0,0,0,0
ca,2025-12-06,0,0,0,0
ca,2025-12-13,0,0,0,0
ca,2025-12-20,0,0,0,0
ca,2025-12-27,0,0,0,0
ca,2026-01-03,0,0,0,0
ca,2026-01-10,0,0,0,0
ca,2026-01-17,0,0,0,0
ca,2026-01-24,0,0,0,0
ca,2026-01-31,0,0,0,0
ca,2026-02-07,0,0,0,0
ca,2026-02-14,0,0,0,0
ca,2026-02-21,0,0,0,0
ca,2026-02-28,0,0,0,0
ca,2026-03-07,0,0,0,0
ca,2026-03-14,0,0,0,0
ca,2026-03-21,0,0,0,0
ca,2026-03-28,0,0,0,0
ca,2026-04-04,0,0,0,0
ca,2026-04-11,0,0,0,0
ca,2026-04-18,0,0,0,0
ca,2026-04-25,0,0,0,0
ca,2026-05-02,0,0,0,0
ca,2026-05-09,0,0,0,0
ca,2026-05-16,0,0,0,0
ca,2026-05-23,0,0,0,0
ca,2026-05-30,0,0,0,0
ca,2026-06-06,0,0,0,0
ca,2026-06-13,0,0,0,0
ca,2026-06-20,0,0,0,0
co,2025-07-26,0,1,0,0
co,2025-08-02,0,0,0,0
co,2025-08-09,0,1,0,0
co,2025-08-16,0,0,0,0
co,2025-08-23,0,0,0,0
co,2025-08-30,0,0,0,0
co,2025-09-06,0,1,0,0
co,2025-09-13,0,1,0,0
co,2025-09-20,0,0,0,0
co,2025-09-27,0,0,0,0
co,2025-10-04,0,0,0,0
co,2025-10-11,0,0,0,0
co,2025-10-18,0,0,0,0
co,2025-10-25,0,0,0,0
co,2025-11-01,0,0,0,0
co,2025-11-08,0,0,0,0
co,2025-11-15,0,1,0,0
co,2025-11-22,0,0,0,0
co,2025-11-29,0,0,0,0
co,2025-12-06,0,1,0,0
co,2025-12-13,0,1,0,0
co,2025-12-20,0,1,0,0
co,2025-12-27,0,1,0,0
co,2026-01-03,0,0,0,0
co,2026-01-10,0,0,0,0
co,2026-01-17,0,0,0,0
co,2026-01-24,0,0,0,0
co,2026-01-31,0,0,0,0
co,2026-02-07,0,0,0,0
co,2026-02-14,0,0,0,0
co,2026-02-21,0,0,0,0
co,2026-02-28,0,0,0,0
co,2026-03-07,0,0,0,0
co,2026-03-14,0,0,0,0
co,2026-03-21,0,0,0,0
co,2026-03-28,0,0,0,0
co,2026-04-04,0,0,0,0
co,2026-04-11,0,0,0,0
co,2026-04-18,0,0,0,0
co,2026-04-25,0,0,0,0
co,2026-05-02,0,0,0,0
co,2026-05-09,0,0,0,0
co,2026-05-16,0,0,0,0
co,2026-05-23,0,0,0,0
co,2026-05-30,0,0,0,0
co,2026-06-06,0,0,0,0
co,2026-06-13,0,0,0,0
ct,2025-07-26,0,1,0,0
ct,2025-08-02,0,0,0,0
ct,2025-08-09,0,1,0,0
ct,2025-08-16,0,0,0,0
ct,2025-08-23,0,1,0,0
ct,2025-08-30,0,1,0,0
ct,2025-09-06,0,1,0,0
ct,2025-09-13,0,1,0,0
ct,2025-09-20,0,1,1,0
ct,2025-09-27,0,1,0,0
ct,2025-10-04,0,0,0,0
ct,2025-10-11,0,0,0,0
ct,2025-10-18,0,0,0,0
ct,2025-10-25,0,0,0,0
ct,2025-11-01,0,0,0,0
ct,2025-11-08,0,1,0,0
ct,2025-11-15,0,0,0,0
ct,2025-11-22,0,1,0,0
ct,2025-11-29,0,1,0,0
ct,2025-12-06,0,1,0,0
ct,2025-12-13,0,1,0,0
ct,2025-12-20,1,1,0,1
ct,2025-12-27,1,1,1,1
ct,2026-01-03,1,0,0,0
ct,2026-01-10,0,0,0,0
ct,2026-01-17,0,0,0,0
ct,2026-01-24,0,0,0,0
ct,2026-01-31,0,0,0,0
ct,2026-02-07,0,0,0,0
ct,2026-02-14,0,0,0,0
ct,2026-02-21,0,0,0,0
ct,2026-02-28,0,0,0,0
ct,2026-03-07,0,0,0,0
ct,2026-03-14,0,0,0,0
ct,2026-03-21,0,0,0,0
ct,2026-03-28,0,0,0,0
ct,2026-04-04,0,0,0,0
ct,2026-04-11,0,0,0,0
ct,2026-04-18,0,0,0,0
ct,2026-04-25,0,0,0,0
ct,2026-05-02,0,0,0,0
ct,2026-05-09,0,0,0,0
ct,2026-05-16,0,0,0,0
ct,2026-05-23,0,0,0,0
ct,2026-05-30,0,0,0,0
ct,2026-06-06,0,0,0,0
ct,2026-06-13,0,0,0,0
ct,2026-06-20,0,0,0,0
de,2025-07-26,0,1,0,0
de,2025-08-02,0,1,0,0
de,2025-08-09,0,1,0,0
de,2025-08-16,0,1,0,1
de,2025-08-23,0,1,0,1
de,2025-08-30,0,1,0,1
de,2025-09-06,0,1,0,1
de,2025-09-13,1,1,0,1
de,2025-09-20,0,1,0,0
de,2025-09-27,0,1,0,0
de,2025-10-04,0,0,0,0
de,2025-10-11,0,0,0,0
de,2025-10-18,0,0,0,0
de,2025-10-25,0,0,0,0
de,2025-11-01,0,0,0,0
de,2025-11-08,0,0,0,0
de,2025-11-15,0,0,0,0
de,2025-11-22,0,0,0,0
de,2025-11-29,0,1,0,0
de,2025-12-06,0,1,0,0
de,2025-12-13,0,1,0,0
de,2025-12-20,0,1,0,0
de,2025-12-27,0,1,0,0
de,2026-01-03,1,1,0,0
de,2026-01-10,0,0,0,0
de,2026-01-17,0,0,0,0
de,2026-01-24,0,0,0,0
de,2026-01-31,0,0,0,0
de,2026-02-07,0,0,0,0
de,2026-02-14,0,0,0,0
de,2026-02-21,0,0,0,0
de,2026-02-28,0,0,0,0
de,2026-03-07,0,0,0,0
de,2026-03-14,0,0,0,0
de,2026-03-21,0,0,0,0
de,2026-03-28,0,0,0,0
de,2026-04-04,0,0,0,0
de,2026-04-11,0,0,0,0
de,2026-04-18,0,0,0,0
de,2026-04-25,0,0,0,0
de,2026-05-02,0,0,0,0
de,2026-05-09,0,0,0,0
de,2026-05-16,0,0,0,0
de,2026-05-23,0,0,0,0
de,2026-05-30,0,0,0,0
de,2026-06-06,0,0,0,0
de,2026-06-13,0,0,0,0
fl,2025-07-26,0,0,0,0
fl,2025-08-02,0,1,0,0
fl,2025-08-09,0,1,1,0
fl,2025-08-16,0,1,0,0
fl,2025-08-23,0,1,0,0
fl,2025-08-30,0,1,0,0
fl,2025-09-06,0,1,0,0
fl,2025-09-13,0,1,0,0
fl,2025-09-20,0,0,0,0
fl,2025-09-27,0,0,0,0
fl,2025-10-04,0,0,0,0
fl,2025-10-11,0,0,0,0
fl,2025-10-18,0,0,0,0
fl,2025-10-25,0,0,0,0
fl,2025-11-01,0,0,0,0
fl,2025-11-08,0,0,0,0
fl,2025-11-15,0,0,0,0
fl,2025-11-22,0,0,0,0
fl,2025-11-29,0,0,0,0
fl,2025-12-06,0,0,0,0
fl,2025-12-13,0,0,0,0
fl,2025-12-20,0,1,0,0
fl,2025-12-27,0,0,0,0
fl,2026-01-03,0,0,0,0
fl,2026-01-10,0,0,0,0
fl,2026-01-17,0,0,0,0
fl,2026-01-24,0,0,0,0
fl,2026-01-31,0,0,0,0
fl,2026-02-07,0,0,0,0
fl,2026-02-14,0,0,0,0
fl,2026-02-21,0,0,0,0
fl,2026-02-28,0,0,0,0
fl,2026-03-07,0,0,0,0
fl,2026-03-14,0,0,0,0
fl,2026-03-21,0,0,0,0
fl,2026-03-28,0,0,0,0
fl,2026-04-04,0,0,0,0
fl,2026-04-11,0,0,0,0
fl,2026-04-18,0,0,0,0
fl,2026-04-25,0,0,0,0
fl,2026-05-02,0,0,0,0
fl,2026-05-09,0,0,0,0
fl,2026-05-16,0,0,0,0
fl,2026-05-23,0,0,0,0
fl,2026-05-30,0,0,0,0
fl,2026-06-06,0,0,0,0
fl,2026-06-13,0,0,0,0
ga,2025-07-26,0,0,0,0
ga,2025-08-02,0,0,0,0
ga,2025-08-09,0,1,0,0
ga,2025-08-16,1,0,0,0
ga,2025-08-23,0,1,0,0
ga,2025-08-30,0,0,0,0
ga,2025-09-06,0,1,0,0
ga,2025-09-13,0,0,0,0
ga,2025-09-20,0,0,0,0
ga,2025-09-27,0,0,0,0
ga,2025-10-04,0,0,0,0
ga,2025-10-11,0,1,0,0
ga,2025-10-18,0,0,0,0
ga,2025-10-25,0,1,0,0
ga,2025-11-01,0,0,0,0
ga,2025-11-08,0,0,0,0
ga,2025-11-15,0,0,0,0
ga,2025-11-22,0,1,0,0
ga,2025-11-29,0,0,0,0
ga,2025-12-06,0,0,0,0
ga,2025-12-13,0,0,0,0
ga,2025-12-20,0,1,0,0
ga,2025-12-27,0,1,0,0
ga,2026-01-03,0,0,0,0
ga,2026-01-10,0,0,0,0
ga,2026-01-17,0,0,0,0
ga,2026-01-24,0,0,0,0
ga,2026-01-31,0,0,0,0
ga,2026-02-07,0,0,0,0
ga,2026-02-14,0,0,0,0
ga,2026-02-21,0,0,0,0
ga,2026-02-28,0,0,0,0
ga,2026-03-07,0,0,0,0
ga,2026-03-14,0,0,0,0
ga,2026-03-21,0,0,0,0
ga,2026-03-28,0,0,0,0
ga,2026-04-04,0,0,0,0
ga,2026-04-11,0,0,0,0
ga,2026-04-18,0,0,0,0
ga,2026-04-25,0,0,0,0
ga,2026-05-02,0,0,0,0
ga,2026-05-09,0,0,0,0
ga,2026-05-16,0,0,0,0
ga,2026-05-23,0,0,0,0
ga,2026-05-30,0,0,0,0
ga,2026-06-06,0,0,0,0
gu,2025-07-26,0,1,0,0
gu,2025-08-02,1,0,0,0
gu,2025-08-09,0,0,0,0
gu,2025-08-16,1,1,0,0
gu,2025-08-23,1,1,0,0
gu,2025-08-30,0,0,0,0
gu,2025-09-06,0,0,0,0
gu,2025-09-13,0,0,0,0
gu,2025-09-20,0,0,0,0
gu,2025-09-27,0,0,0,0
gu,2025-10-04,0,0,0,0
gu,2025-10-11,0,0,0,0
gu,2025-10-18,0,0,0,0
gu,2025-10-25,0,0,0,0
gu,2025-11-01,0,0,0,0
gu,2025-11-08,0,0,0,0
gu,2025-11-15,0,0,0,0
gu,2025-11-22,0,0,0,0
gu,2025-11-29,0,1,0,0
gu,2025-12-06,0,0,0,0
gu,2025-12-13,0,0,0,0
gu,2025-12-20,0,0,0,0
gu,2025-12-27,0,0,0,0
gu,2026-01-03,0,0,0,0
gu,2026-01-10,0,0,0,0
gu,2026-01-17,0,0,0,0
gu,2026-01-24,0,0,0,0
gu,2026-01-31,0,0,0,0
gu,2026-02-07,0,0,0,0
gu,2026-02-14,0,0,0,0
gu,2026-02-21,0,0,0,0
gu,2026-02-28,0,0,0,0
gu,2026-03-07,0,0,0,0
gu,2026-03-14,0,0,0,0
gu,2026-03-21,0,0,0,0
gu,2026-03-28,1,0,0,0
gu,2026-04-04,0,0,0,0
gu,2026-05-02,0,0,0,0
gu,2026-05-09,0,0,0,0
gu,2026-05-16,0,0,0,0
gu,2026-05-23,0,0,0,0
gu,2026-05-30,1,0,0,0
gu,2026-06-06,0,1,0,0
gu,2026-06-13,1,0,0,0
hi,2025-07-26,1,1,0,0
hi,2025-08-02,0,1,0,0
hi,2025-08-09,1,1,0,0
hi,2025-08-16,0,1,0,0
hi,2025-08-23,1,0,0,0
hi,2025-08-30,0,1,0,0
hi,2025-09-06,0,1,0,0
hi,2025-09-13,0,1,0,0
hi,2025-09-20,0,0,0,0
hi,2025-09-27,0,0,0,0
hi,2025-10-04,0,0,0,0
hi,2025-10-11,0,0,0,0
hi,2025-10-18,0,0,0,0
hi,2025-10-25,0,0,0,0
hi,2025-11-01,0,0,0,0
hi,2025-11-08,0,0,0,0
hi,2025-11-15,0,0,0,0
hi,2025-11-22,0,0,0,0
hi,2025-11-29,0,0,0,0
hi,2025-12-06,0,0,0,0
hi,2025-12-13,0,0,0,0
hi,2025-12-20,0,0,0,0
hi,2025-12-27,0,0,0,0
hi,2026-01-03,0,0,0,0
hi,2026-01-10,0,0,0,0
hi,2026-01-17,0,0,0,0
hi,2026-01-24,0,0,0,0
hi,2026-01-31,0,0,0,0
hi,2026-02-07,0,0,0,0
hi,2026-02-14,0,0,0,0
hi,2026-02-21,0,0,0,0
hi,2026-02-28,0,0,0,0
hi,2026-03-07,0,0,0,0
hi,2026-03-14,0,0,0,0
hi,2026-03-21,0,0,0,0
hi,2026-03-28,0,0,0,0
hi,2026-04-04,0,0,0,0
hi,2026-04-11,0,0,0,0
hi,2026-04-18,0,0,0,0
hi,2026-04-25,0,0,0,0
hi,2026-05-02,0,0,0,0
hi,2026-05-09,0,0,0,0
hi,2026-05-16,0,0,0,0
hi,2026-05-23,0,0,0,0
hi,2026-05-30,0,0,0,0
hi,2026-06-06,0,0,0,0
hi,2026-06-13,0,0,0,0
hi,2026-06-20,0,0,0,0
ia,2025-07-26,0,0,0,0
ia,2025-08-02,0,0,0,0
ia,2025-08-09,0,0,0,0
ia,2025-08-16,0,1,0,0
ia,2025-08-23,0,1,0,0
ia,2025-08-30,0,1,0,0
ia,2025-09-06,0,1,0,0
ia,2025-09-13,0,1,0,0
ia,2025-09-20,0,1,0,0
ia,2025-09-27,0,0,0,0
ia,2025-10-04,0,0,0,0
ia,2025-10-11,0,0,0,0
ia,2025-10-18,0,0,0,0
ia,2025-10-25,0,0,0,0
ia,2025-11-01,0,1,0,0
ia,2025-11-08,0,0,0,0
ia,2025-11-15,0,0,0,0
ia,2025-11-22,0,1,0,0
ia,2025-11-29,0,0,0,0
ia,2025-12-06,0,1,0,0
ia,2025-12-13,0,1,0,0
ia,2025-12-20,1,1,0,0
ia,2025-12-27,1,1,1,1
ia,2026-01-03,0,0,0,0
ia,2026-01-10,0,1,0,0
ia,2026-01-17,0,0,0,0
ia,2026-01-24,0,0,0,0
ia,2026-01-31,0,0,0,0
ia,2026-02-07,0,0,0,0
ia,2026-02-14,0,0,0,0
ia,2026-02-21,0,0,0,0
ia,2026-02-28,0,0,0,0
ia,2026-03-07,0,0,0,0
ia,2026-03-14,0,0,0,0
ia,2026-03-21,0,0,0,0
ia,2026-03-28,0,0,0,0
ia,2026-04-04,0,0,0,0
ia,2026-04-11,0,0,0,0
ia,2026-04-18,0,0,0,0
ia,2026-04-25,0,0,0,0
ia,2026-05-02,0,0,0,0
ia,2026-05-09,0,0,0,0
ia,2026-05-16,0,0,0,0
ia,2026-05-23,0,0,0,0
ia,2026-05-30,0,0,0,0
ia,2026-06-06,0,0,0,0
ia,2026-06-13,0,0,0,0
id,2025-07-26,0,1,0,0
id,2025-08-02,0,1,0,0
id,2025-08-09,0,1,0,0
id,2025-08-16,0,1,0,0
id,2025-08-23,0,1,0,0
id,2025-08-30,0,1,0,0
id,2025-09-06,0,1,0,0
id,2025-09-13,0,1,0,0
id,2025-09-20,0,0,0,0
id,2025-09-27,0,0,0,0
id,2025-10-04,0,0,0,0
id,2025-10-11,0,1,0,0
id,2025-10-18,0,1,0,0
id,2025-10-25,0,0,0,0
id,2025-11-01,0,0,0,0
id,2025-11-08,0,0,0,0
id,2025-11-15,0,1,0,0
id,2025-11-22,0,1,0,0
id,2025-11-29,0,1,0,0
id,2025-12-06,0,1,0,0
id,2025-12-13,0,1,0,0
id,2025-12-20,0,1,0,0
id,2025-12-27,0,0,0,0
id,2026-01-03,0,0,0,0
id,2026-01-10,0,0,0,0
id,2026-01-17,0,0,0,0
id,2026-01-24,0,0,0,0
id,2026-01-31,0,0,0,0
id,2026-02-07,0,0,0,0
id,2026-02-14,0,0,0,0
id,2026-02-21,0,0,0,0
id,2026-02-28,0,0,0,0
id,2026-03-07,0,0,0,0
id,2026-03-14,0,0,0,0
id,2026-03-21,0,0,0,0
id,2026-03-28,0,0,0,0
id,2026-04-04,0,0,0,0
id,2026-04-11,0,0,0,0
id,2026-04-18,0,0,0,0
id,2026-04-25,0,0,0,0
id,2026-05-02,0,0,0,0
id,2026-05-09,0,0,0,0
id,2026-05-16,0,0,0,0
id,2026-05-23,0,0,0,0
id,2026-05-30,0,0,0,0
id,2026-06-06,0,0,0,0
id,2026-06-13,0,0,0,0
id,2026-06-20,0,0,0,0
il,2025-07-26,0,0,0,0
il,2025-08-02,0,0,0,0
il,2025-08-09,0,0,0,0
il,2025-08-16,0,0,0,0
il,2025-08-23,0,0,0,0
il,2025-08-30,0,0,0,0
il,2025-09-06,0,1,0,0
il,2025-09-13,0,1,0,0
il,2025-09-20,0,0,0,0
il,2025-09-27,0,0,0,0
il,2025-10-04,0,0,0,0
il,2025-10-11,0,0,0,0
il,2025-10-18,0,0,0,0
il,2025-10-25,0,0,0,0
il,2025-11-01,0,0,0,0
il,2025-11-08,0,0,0,0
il,2025-11-15,0,0,0,0
il,2025-11-22,0,1,0,0
il,2025-11-29,0,0,0,0
il,2025-12-06,0,1,0,0
il,2025-12-13,0,1,0,0
il,2025-12-20,1,1,0,1
il,2025-12-27,1,1,1,1
il,2026-01-03,0,0,0,0
il,2026-01-10,0,0,0,0
il,2026-01-17,0,0,0,0
il,2026-01-24,0,0,0,0
il,2026-01-31,0,0,0,0
il,2026-02-07,0,0,0,0
il,2026-02-14,0,0,0,0
il,2026-02-21,0,0,0,0
il,2026-02-28,0,0,0,0
il,2026-03-07,0,0,0,0
il,2026-03-14,0,0,0,0
il,2026-03-21,0,0,0,0
il,2026-03-28,0,0,0,0
il,2026-04-04,0,0,0,0
il,2026-04-11,0,0,0,0
il,2026-04-18,0,0,0,0
il,2026-04-25,0,0,0,0
il,2026-05-02,0,0,0,0
il,2026-05-09,0,0,0,0
il,2026-05-16,0,0,0,0
il,2026-05-23,0,0,0,0
il,2026-05-30,0,0,0,0
il,2026-06-06,0,0,0,0
il,2026-06-13,0,0,0,0
in,2025-07-26,0,0,0,0
in,2025-08-02,0,0,0,0
in,2025-08-09,0,1,0,0
in,2025-08-16,0,1,0,0
in,2025-08-23,0,1,0,0
in,2025-08-30,0,1,0,0
in,2025-09-06,0,1,0,0
in,2025-09-13,0,1,0,0
in,2025-09-20,0,1,0,0
in,2025-09-27,0,0,0,0
in,2025-10-04,0,0,0,0
in,2025-10-11,0,0,0,0
in,2025-10-18,0,0,0,0
in,2025-10-25,0,0,0,0
in,2025-11-01,0,1,0,0
in,2025-11-08,0,1,0,0
in,2025-11-15,0,1,0,1
in,2025-11-22,0,1,0,1
in,2025-11-29,0,1,1,1
in,2025-12-06,0,1,1,0
in,2025-12-13,1,1,1,0
in,2026-01-03,0,1,0,0
in,2026-01-10,0,0,0,0
in,2026-01-17,0,0,0,0
in,2026-01-24,0,0,0,0
in,2026-01-31,0,0,0,0
in,2026-02-07,0,0,0,0
in,2026-02-14,0,0,0,0
in,2026-02-21,0,0,0,0
in,2026-02-28,0,0,0,0
in,2026-03-07,0,0,0,0
in,2026-03-14,0,0,0,0
in,2026-03-21,0,0,0,0
in,2026-03-28,0,0,0,0
in,2026-04-04,0,0,0,0
in,2026-04-11,0,0,0,0
in,2026-04-18,0,0,0,0
in,2026-04-25,0,0,0,0
in,2026-05-02,0,0,0,0
in,2026-05-09,0,0,0,0
in,2026-05-16,0,0,0,0
in,2026-05-23,0,0,0,0
in,2026-05-30,0,0,0,0
in,2026-06-06,0,0,0,0
in,2026-06-13,0,0,0,0
ks,2025-07-26,0,1,0,0
ks,2025-08-02,0,0,0,0
ks,2025-08-09,0,1,0,0
ks,2025-08-16,0,0,0,0
ks,2025-08-23,0,1,0,0
ks,2025-08-30,0,1,0,1
ks,2025-09-06,0,1,0,1
ks,2025-09-13,0,1,0,0
ks,2025-09-20,0,0,0,0
ks,2025-09-27,0,1,0,0
ks,2025-10-04,0,0,0,0
ks,2025-10-11,0,1,0,0
ks,2025-10-18,0,0,0,1
ks,2025-10-25,0,0,0,0
ks,2025-11-01,0,0,0,0
ks,2025-11-08,0,0,0,0
ks,2025-11-15,0,1,0,0
ks,2025-11-22,0,1,0,0
ks,2025-11-29,0,1,0,0
ks,2025-12-06,0,1,0,0
ks,2025-12-13,0,1,0,0
ks,2025-12-20,1,1,0,1
ks,2025-12-27,1,1,0,0
ks,2026-01-03,0,1,0,0
ks,2026-01-10,0,0,0,0
ks,2026-01-17,0,0,0,0
ks,2026-01-24,0,0,0,0
ks,2026-01-31,0,0,0,0
ks,2026-02-07,0,0,0,0
ks,2026-02-14,0,0,0,0
ks,2026-02-21,0,0,0,0
ks,2026-02-28,0,0,0,0
ks,2026-03-07,0,0,0,0
ks,2026-03-14,0,0,0,0
ks,2026-03-21,0,0,0,0
ks,2026-03-28,0,0,0,0
ks,2026-04-04,0,0,0,0
ks,2026-04-11,0,0,0,0
ks,2026-04-18,0,0,0,0
ks,2026-04-25,0,0,0,0
ks,2026-05-02,0,0,0,0
ks,2026-05-09,0,0,0,0
ks,2026-05-16,0,0,0,0
ks,2026-05-23,0,0,0,0
ks,2026-05-30,0,0,0,0
ks,2026-06-06,0,0,0,0
ks,2026-06-13,0,0,0,0
ky,2025-07-26,0,1,0,0
ky,2025-08-02,0,1,0,0
ky,2025-08-09,0,1,0,0
ky,2025-08-16,0,0,0,0
ky,2025-08-23,0,1,0,0
ky,2025-08-30,1,1,0,0
ky,2025-09-06,0,1,0,0
ky,2025-09-13,0,1,0,0
ky,2025-09-20,0,1,0,0
ky,2025-09-27,0,0,0,0
ky,2025-10-04,0,0,0,0
ky,2025-10-11,0,0,0,0
ky,2025-10-18,0,0,0,0
ky,2025-10-25,0,0,0,0
ky,2025-11-01,0,0,0,0
ky,2025-11-08,0,1,0,0
ky,2025-11-15,0,1,0,0
ky,2025-11-22,0,1,0,0
ky,2025-11-29,0,1,0,0
ky,2025-12-06,0,1,0,1
ky,2025-12-13,1,1,0,0
ky,2025-12-20,1,1,0,1
ky,2026-01-10,0,0,0,0
ky,2026-01-17,0,0,0,0
ky,2026-01-24,0,0,0,0
ky,2026-01-31,0,0,0,0
ky,2026-02-07,0,0,0,0
ky,2026-02-14,0,0,0,0
ky,2026-02-21,0,0,0,0
ky,2026-02-28,0,0,0,0
ky,2026-03-07,0,0,0,0
ky,2026-03-14,0,0,0,0
ky,2026-03-21,0,0,0,0
ky,2026-03-28,0,0,0,0
ky,2026-04-04,0,0,0,0
ky,2026-04-11,0,0,0,0
ky,2026-04-18,0,0,0,0
ky,2026-04-25,0,0,0,0
ky,2026-05-02,0,0,0,0
ky,2026-05-09,0,0,0,0
ky,2026-05-16,0,0,0,0
ky,2026-05-23,0,0,0,0
ky,2026-05-30,0,0,0,0
ky,2026-06-06,0,0,0,0
ky,2026-06-13,0,0,0,0
la,2025-07-26,0,0,0,0
la,2025-08-02,1,1,0,0
la,2025-08-09,0,1,0,0
la,2025-08-16,1,1,0,0
la,2025-08-23,0,1,0,0
la,2025-08-30,1,1,0,0
la,2025-09-06,0,1,0,0
la,2025-09-13,0,1,0,0
la,2025-09-20,0,0,0,0
la,2025-09-27,0,0,0,0
la,2025-10-04,0,0,0,0
la,2025-10-11,0,0,0,0
la,2025-10-18,0,0,0,0
la,2025-10-25,0,0,0,0
la,2025-11-01,0,0,0,0
la,2025-11-08,0,0,0,0
la,2025-11-15,0,1,0,0
la,2025-11-22,0,1,0,0
la,2025-11-29,0,0,0,0
la,2025-12-06,0,0,0,0
la,2025-12-13,0,0,0,0
la,2025-12-20,0,0,0,0
la,2025-12-27,0,0,0,0
la,2026-01-03,0,0,0,0
la,2026-01-10,0,0,0,0
la,2026-01-17,0,0,0,0
la,2026-01-24,0,0,0,0
la,2026-01-31,0,0,0,0
la,2026-02-07,0,0,0,0
la,2026-02-14,0,0,0,0
la,2026-02-21,0,0,0,0
la,2026-02-28,0,0,0,0
la,2026-03-07,0,0,0,0
la,2026-03-14,0,0,0,0
la,2026-03-21,0,0,0,0
la,2026-03-28,0,0,0,0
la,2026-04-04,0,0,0,0
la,2026-04-11,0,0,0,0
la,2026-04-18,0,0,0,0
la,2026-04-25,0,0,0,0
ma,2025-07-26,0,0,0,0
ma,2025-08-02,0,0,0,0
ma,2025-08-09,0,0,0,0
ma,2025-08-16,0,0,0,0
ma,2025-08-23,0,0,0,0
ma,2025-08-30,0,0,0,0
ma,2025-09-06,0,0,0,0
ma,2025-09-13,0,0,0,0
ma,2025-09-20,0,0,0,0
ma,2025-09-27,0,0,0,0
ma,2025-10-04,0,0,0,0
ma,2025-10-11,0,0,0,0
ma,2025-10-18,0,0,0,0
ma,2025-10-25,0,0,0,0
ma,2025-11-01,0,0,0,0
ma,2025-11-08,0,0,0,0
ma,2025-11-15,0,0,0,0
ma,2025-11-22,0,0,0,0
ma,2025-11-29,0,0,0,0
ma,2025-12-06,0,0,0,0
ma,2025-12-13,0,1,0,0
ma,2025-12-20,0,1,0,0
ma,2025-12-27,0,1,0,0
ma,2026-01-03,0,0,0,0
ma,2026-01-10,0,0,0,0
ma,2026-01-17,0,0,0,0
ma,2026-01-24,0,0,0,0
ma,2026-01-31,0,0,0,0
ma,2026-02-07,0,0,0,0
ma,2026-02-14,0,0,0,0
ma,2026-02-21,0,0,0,0
ma,2026-02-28,0,0,0,0
ma,2026-03-07,0,0,0,0
ma,2026-03-14,0,0,0,0
ma,2026-03-21,0,0,0,0
ma,2026-03-28,0,0,0,0
ma,2026-04-04,0,0,0,0
ma,2026-04-11,0,0,0,0
ma,2026-04-18,0,0,0,0
ma,2026-04-25,0,0,0,0
ma,2026-05-02,0,0,0,0
ma,2026-05-09,0,0,0,0
md,2025-07-26,0,1,0,0
md,2025-08-02,1,1,0,0
md,2025-08-09,0,1,0,0
md,2025-08-16,0,1,0,0
md,2025-08-23,1,1,0,0
md,2025-08-30,0,1,0,0
md,2025-09-06,0,1,0,0
md,2025-09-13,0,1,0,0
md,2025-09-20,0,0,0,0
md,2025-09-27,0,0,0,0
md,2025-10-04,0,0,0,0
md,2025-10-11,0,0,0,0
md,2025-10-18,0,0,0,0
md,2025-10-25,0,0,0,0
md,2025-11-01,0,0,0,0
md,2025-11-08,0,0,0,0
md,2025-11-15,0,0,0,0
md,2025-11-22,0,0,0,0
md,2025-11-29,0,1,0,0
md,2025-12-06,0,1,0,0
md,2025-12-13,0,1,0,1
md,2025-12-20,0,1,0,1
md,2025-12-27,0,1,0,1
md,2026-01-03,0,0,0,0
md,2026-01-10,0,0,0,0
md,2026-01-17,0,0,0,0
md,2026-01-24,0,0,0,0
md,2026-01-31,0,0,0,0
md,2026-02-07,0,0,0,0
md,2026-02-14,0,0,0,0
md,2026-02-21,0,0,0,0
md,2026-02-28,0,0,0,0
md,2026-03-07,0,0,0,0
md,2026-03-14,0,0,0,0
md,2026-03-21,0,0,0,0
md,2026-03-28,0,0,0,0
md,2026-04-04,0,0,0,0
md,2026-04-11,0,0,0,0
md,2026-04-18,0,0,0,0
md,2026-04-25,0,0,0,0
md,2026-05-02,0,0,0,0
md,2026-05-09,0,0,0,0
md,2026-05-16,0,0,0,0
md,2026-05-23,0,0,0,0
md,2026-05-30,0,0,0,0
md,2026-06-06,0,0,0,0
md,2026-06-13,0,0,0,0
md,2026-06-20,0,0,0,0
me,2025-07-26,0,0,0,0
me,2025-08-02,0,0,0,0
me,2025-08-09,0,0,0,0
me,2025-08-16,0,1,0,0
me,2025-08-23,0,0,0,0
me,2025-08-30,0,0,0,0
me,2025-09-06,0,0,0,0
me,2025-09-13,0,1,0,0
me,2025-09-20,0,0,0,0
me,2025-09-27,0,0,0,0
me,2025-10-04,0,0,0,0
me,2025-10-11,0,0,0,0
me,2025-10-18,0,0,0,0
me,2025-10-25,0,0,0,0
me,2025-11-01,0,0,0,0
me,2025-11-08,0,0,0,0
me,2025-11-15,0,0,0,0
me,2025-11-22,0,0,0,0
me,2025-11-29,0,0,0,0
me,2025-12-06,0,1,0,0
me,2025-12-13,0,1,0,0
me,2025-12-20,0,1,0,0
me,2025-12-27,1,1,0,0
me,2026-01-03,0,0,0,0
me,2026-01-10,0,0,0,0
me,2026-01-17,0,0,0,0
me,2026-01-24,0,0,0,0
me,2026-01-31,0,0,0,0
me,2026-02-07,0,0,0,0
me,2026-02-14,0,0,0,0
me,2026-02-21,0,0,0,0
me,2026-02-28,0,0,0,0
me,2026-03-07,0,0,0,0
me,2026-03-14,0,0,0,0
me,2026-03-21,0,0,0,0
me,2026-03-28,0,0,0,0
me,2026-04-04,0,0,0,0
me,2026-04-11,0,0,0,0
me,2026-04-18,0,0,0,0
me,2026-04-25,0,0,0,0
me,2026-05-02,0,0,0,0
me,2026-05-09,0,0,0,0
me,2026-05-16,0,0,0,0
me,2026-05-23,0,0,0,0
me,2026-05-30,0,0,0,0
me,2026-06-06,0,0,0,0
me,2026-06-13,0,0,0,0
me,2026-06-20,0,0,0,0
mi,2025-07-26,0,0,0,0
mi,2025-08-02,0,0,0,0
mi,2025-08-09,0,1,0,0
mi,2025-08-16,0,1,0,0
mi,2025-08-23,0,1,0,0
mi,2025-08-30,0,1,0,0
mi,2025-09-06,0,0,0,0
mi,2025-09-13,0,1,0,0
mi,2025-09-20,0,1,0,0
mi,2025-09-27,0,1,0,0
mi,2025-10-04,0,1,0,0
mi,2025-10-11,0,1,0,0
mi,2025-10-18,0,1,0,0
mi,2025-10-25,0,1,0,0
mi,2025-11-01,0,0,0,0
mi,2025-11-08,0,1,0,0
mi,2025-11-15,0,1,0,0
mi,2025-11-22,0,1,0,0
mi,2025-11-29,0,1,0,0
mi,2025-12-06,0,1,0,0
mi,2025-12-13,0,1,0,0
mi,2025-12-20,0,1,0,0
mi,2026-01-10,0,1,0,0
mi,2026-01-17,0,0,0,0
mi,2026-01-24,0,0,0,0
mi,2026-01-31,0,0,0,0
mi,2026-02-07,0,0,0,0
mi,2026-02-14,0,0,0,0
mi,2026-02-21,0,0,0,0
mi,2026-02-28,0,0,0,0
mi,2026-03-07,0,0,0,0
mi,2026-03-14,0,0,0,0
mi,2026-03-21,0,0,0,0
mi,2026-03-28,0,0,0,0
mi,2026-04-04,0,0,0,0
mi,2026-04-11,0,0,0,0
mi,2026-04-18,0,0,0,0
mi,2026-04-25,0,0,0,0
mi,2026-05-02,0,0,0,0
mi,2026-05-09,0,0,0,0
mi,2026-05-16,0,0,0,0
mi,2026-05-23,0,0,0,0
mi,2026-05-30,0,0,0,0
mi,2026-06-06,0,0,0,0
mi,2026-06-13,0,0,0,0
mi,2026-06-20,0,0,0,0
mn,2025-07-26,0,0,0,0
mn,2025-08-02,0,0,0,0
mn,2025-08-09,0,0,0,0
mn,2025-08-16,0,0,0,0
mn,2025-08-23,0,1,0,0
mn,2025-08-30,0,1,0,0
mn,2025-09-06,0,1,0,0
mn,2025-09-13,0,1,0,0
mn,2025-09-20,0,1,0,0
mn,2025-09-27,0,1,0,0
mn,2025-10-04,0,0,0,0
mn,2025-10-11,0,0,0,0
mn,2025-10-18,0,0,0,0
mn,2025-10-25,0,0,0,0
mn,2025-11-01,0,0,0,0
mn,2025-11-08,0,0,0,0
mn,2025-11-15,0,1,0,0
mn,2025-11-22,0,1,0,0
mn,2025-11-29,0,1,0,0
mn,2025-12-06,0,1,0,0
mn,2025-12-13,0,1,0,0
mn,2025-12-20,1,1,0,1
mn,2025-12-27,1,1,0,1
mn,2026-01-03,0,0,0,0
mn,2026-01-10,0,0,0,0
mn,2026-01-17,0,0,0,0
mn,2026-01-24,0,0,0,0
mn,2026-01-31,0,0,0,0
mn,2026-02-07,0,0,0,0
mn,2026-02-14,0,1,0,0
mn,2026-02-21,0,0,0,0
mn,2026-02-28,0,0,0,0
mn,2026-03-07,0,0,0,0
mn,2026-03-14,0,0,0,0
mn,2026-03-21,0,0,0,0
mn,2026-03-28,0,0,0,0
mn,2026-04-04,0,0,0,0
mn,2026-04-11,0,0,0,0
mn,2026-04-18,0,0,0,0
mn,2026-04-25,0,0,0,0
mn,2026-05-02,0,0,0,0
mn,2026-05-09,0,0,0,0
mn,2026-05-16,0,0,0,0
mn,2026-05-23,0,0,0,0
mn,2026-05-30,0,0,0,0
mn,2026-06-06,0,0,0,0
mn,2026-06-13,0,0,0,0
mo,2025-07-26,0,0,0,0
mo,2025-08-02,0,0,0,0
mo,2025-08-09,0,1,0,0
mo,2025-08-16,0,0,0,0
mo,2025-08-23,0,0,0,0
mo,2025-08-30,0,0,0,0
mo,2025-09-06,0,0,0,0
mo,2025-09-13,0,0,0,0
mo,2025-09-20,0,0,0,0
mo,2025-09-27,0,0,0,0
mo,2025-10-04,0,0,0,0
mo,2025-10-11,0,0,0,0
mo,2025-10-18,0,0,0,0
mo,2025-10-25,0,0,0,0
mo,2025-11-01,0,0,0,0
mo,2025-11-08,0,0,0,0
mo,2025-11-15,0,0,0,0
mo,2025-11-22,0,1,0,0
mo,2025-11-29,0,1,0,0
mo,2025-12-06,0,1,0,0
mo,2025-12-13,0,1,0,0
mo,2025-12-20,0,1,0,0
mo,2025-12-27,0,1,1,0
mo,2026-01-03,0,0,0,0
mo,2026-01-10,0,0,0,0
mo,2026-01-17,0,0,0,0
mo,2026-01-24,0,0,0,0
mo,2026-01-31,0,0,0,0
mo,2026-02-07,0,0,0,0
mo,2026-02-14,0,0,0,0
mo,2026-02-21,0,0,0,0
mo,2026-02-28,0,0,0,0
mo,2026-03-07,0,0,0,0
mo,2026-03-14,0,0,0,0
mo,2026-04-04,0,0,0,0
mo,2026-04-11,0,0,0,0
mo,2026-04-18,0,0,0,0
mo,2026-04-25,0,0,0,0
mo,2026-05-02,0,0,0,0
mo,2026-05-09,0,0,0,0
mo,2026-05-16,0,0,0,0
mo,2026-05-23,0,0,0,0
mo,2026-05-30,0,0,0,0
mo,2026-06-06,0,0,0,0
mo,2026-06-13,0,0,0,0
ms,2025-07-26,0,1,0,0
ms,2025-08-02,1,0,0,0
ms,2025-08-09,1,0,0,0
ms,2025-08-16,0,1,0,0
ms,2025-08-23,1,0,0,0
ms,2025-08-30,0,1,0,0
ms,2025-09-06,0,1,0,0
ms,2025-09-13,0,1,0,0
ms,2025-09-20,0,0,0,0
ms,2025-09-27,0,0,0,0
ms,2025-10-04,0,1,0,0
ms,2025-10-11,0,0,0,0
ms,2025-10-18,0,0,0,0
ms,2025-10-25,0,0,0,0
ms,2025-11-01,0,0,0,0
ms,2025-11-08,0,1,0,0
ms,2025-11-15,0,1,0,0
ms,2025-11-22,0,0,0,0
ms,2025-11-29,1,0,0,0
ms,2025-12-06,0,0,0,0
ms,2025-12-13,1,1,0,0
ms,2025-12-20,1,1,0,0
ms,2025-12-27,0,1,0,1
ms,2026-01-03,1,0,0,0
ms,2026-01-10,0,0,0,0
ms,2026-01-17,1,0,0,0
ms,2026-02-07,1,0,0,0
ms,2026-02-14,0,0,0,0
ms,2026-02-21,0,0,0,0
ms,2026-02-28,0,0,0,0
ms,2026-03-07,0,1,0,0
ms,2026-04-18,0,0,0,0
ms,2026-04-25,0,0,0,0
ms,2026-05-02,0,0,0,0
ms,2026-05-09,0,0,0,0
ms,2026-05-16,0,0,0,0
ms,2026-05-23,0,0,0,0
mt,2025-07-26,0,0,0,0
mt,2025-08-02,0,0,0,0
mt,2025-08-09,0,0,0,0
mt,2025-08-16,0,1,0,0
mt,2025-08-23,0,0,0,0
mt,2025-08-30,0,1,0,0
mt,2025-09-06,0,1,0,0
mt,2025-09-13,0,1,0,0
mt,2025-09-20,0,1,0,0
mt,2025-09-27,0,1,0,0
mt,2025-10-04,0,0,0,0
mt,2025-10-11,0,0,0,0
mt,2025-10-18,0,1,0,0
mt,2025-10-25,0,1,0,0
mt,2025-11-01,0,1,0,0
mt,2025-11-08,0,0,0,0
mt,2025-11-15,0,1,0,0
mt,2025-11-22,0,0,0,0
mt,2025-11-29,0,1,0,0
mt,2025-12-06,0,1,0,0
mt,2025-12-13,0,1,0,0
mt,2025-12-20,0,1,0,0
mt,2025-12-27,0,1,0,0
mt,2026-01-03,0,0,0,0
mt,2026-01-10,0,0,0,0
mt,2026-01-17,0,0,0,0
mt,2026-01-24,0,0,0,0
mt,2026-01-31,0,0,0,0
mt,2026-02-07,0,0,0,0
mt,2026-02-14,0,0,0,0
mt,2026-02-21,0,0,0,0
mt,2026-02-28,0,0,0,0
mt,2026-03-07,0,0,0,0
mt,2026-03-14,0,0,0,0
mt,2026-03-21,0,0,0,0
mt,2026-03-28,0,0,0,0
mt,2026-04-04,0,0,0,0
mt,2026-04-11,0,0,0,0
mt,2026-04-18,0,0,0,0
mt,2026-04-25,0,0,0,0
mt,2026-05-02,0,0,0,0
mt,2026-05-09,0,0,0,0
mt,2026-05-16,0,0,0,0
mt,2026-05-23,0,0,0,0
mt,2026-05-30,0,0,0,0
mt,2026-06-06,0,0,0,0
mt,2026-06-13,0,0,0,0
nc,2025-07-26,0,1,0,0
nc,2025-08-02,0,1,0,0
nc,2025-08-09,0,1,0,0
nc,2025-08-16,0,1,0,0
nc,2025-08-23,1,1,0,0
nc,2025-08-30,1,1,0,0
nc,2025-09-06,0,1,1,0
nc,2025-09-13,0,1,0,0
nc,2025-09-20,0,1,0,0
nc,2025-09-27,0,0,0,0
nc,2025-10-04,0,0,0,0
nc,2025-10-11,0,0,0,0
nc,2025-10-18,0,0,0,0
nc,2025-10-25,0,0,0,0
nc,2025-11-01,0,0,0,0
nc,2025-11-08,0,0,0,0
nc,2025-11-15,0,0,0,0
nc,2025-11-22,0,0,0,0
nc,2025-11-29,0,0,0,0
nc,2025-12-06,0,0,0,0
nc,2025-12-13,0,1,0,0
nc,2025-12-20,0,1,0,0
nc,2025-12-27,0,1,0,0
nc,2026-01-03,0,0,0,0
nc,2026-01-10,0,0,0,0
nc,2026-01-17,0,0,0,0
nc,2026-01-24,0,0,0,0
nc,2026-01-31,0,0,0,0
nc,2026-02-07,0,0,0,0
nc,2026-02-14,0,0,0,0
nc,2026-02-21,0,0,0,0
nc,2026-02-28,0,0,0,0
nc,2026-03-07,0,0,0,0
nc,2026-03-14,0,0,0,0
nc,2026-03-21,0,0,0,0
nc,2026-03-28,0,0,0,0
nc,2026-04-04,0,0,0,0
nc,2026-04-11,0,0,0,0
nc,2026-04-18,0,0,0,0
nc,2026-04-25,0,0,0,0
nc,2026-05-02,0,0,0,0
nc,2026-05-09,0,0,0,0
nc,2026-05-16,0,0,0,0
nc,2026-05-23,0,0,0,0
nc,2026-05-30,0,0,0,0
nc,2026-06-06,0,0,0,0
nc,2026-06-13,0,0,0,0
nc,2026-06-20,0,0,0,0
ne,2025-07-26,0,0,0,0
ne,2025-08-02,0,0,0,0
ne,2025-08-09,0,1,0,0
ne,2025-08-16,0,1,0,0
ne,2025-08-23,0,1,0,0
ne,2025-08-30,0,1,0,0
ne,2025-09-06,0,1,0,0
ne,2025-09-13,0,1,0,0
ne,2025-09-20,0,1,0,0
ne,2025-09-27,0,0,0,0
ne,2025-10-04,0,0,0,0
ne,2025-10-11,0,0,0,0
ne,2025-10-18,0,0,0,0
ne,2025-10-25,0,0,0,0
ne,2025-11-01,0,0,0,0
ne,2025-11-08,0,1,0,0
ne,2025-11-15,0,1,0,0
ne,2025-11-22,0,1,0,0
ne,2025-11-29,0,1,0,0
ne,2025-12-06,0,1,0,0
ne,2025-12-13,0,1,0,0
ne,2025-12-20,1,1,0,1
ne,2025-12-27,1,1,1,1
ne,2026-01-03,0,1,0,0
ne,2026-01-10,0,0,0,0
ne,2026-01-17,0,0,0,0
ne,2026-01-24,0,0,0,0
ne,2026-01-31,0,0,0,0
ne,2026-02-07,0,0,0,0
ne,2026-02-14,0,0,0,0
ne,2026-02-21,0,0,0,0
ne,2026-02-28,0,0,0,0
ne,2026-03-07,0,0,0,0
ne,2026-03-14,0,0,0,0
ne,2026-03-21,0,0,0,0
ne,2026-03-28,0,0,0,0
ne,2026-04-04,0,0,0,0
ne,2026-04-11,0,0,0,0
ne,2026-04-18,0,0,0,0
ne,2026-04-25,0,0,0,0
ne,2026-05-02,0,0,0,0
ne,2026-05-09,0,0,0,0
ne,2026-05-16,0,0,0,0
ne,2026-05-23,0,0,0,0
ne,2026-05-30,0,0,0,0
ne,2026-06-06,0,0,0,0
nh,2025-07-26,0,1,0,0
nh,2025-08-02,0,0,0,0
nh,2025-08-09,0,1,0,0
nh,2025-08-16,0,0,0,0
nh,2025-08-23,0,0,0,0
nh,2025-08-30,0,1,0,0
nh,2025-09-06,0,1,0,0
nh,2025-09-13,0,1,0,0
nh,2025-09-20,0,1,0,0
nh,2025-09-27,0,1,0,0
nh,2025-10-04,0,1,0,0
nh,2025-10-11,0,1,0,0
nh,2025-10-18,0,1,0,0
nh,2025-10-25,0,1,0,0
nh,2025-11-01,0,0,0,0
nh,2025-11-08,0,0,0,0
nh,2025-11-15,0,1,0,0
nh,2025-11-22,0,1,0,0
nh,2025-11-29,0,1,0,0
nh,2025-12-06,0,1,0,0
nh,2025-12-13,0,1,0,0
nh,2025-12-20,0,1,0,1
nh,2025-12-27,0,1,0,1
nh,2026-01-03,1,0,0,0
nh,2026-01-10,1,0,0,0
nh,2026-01-17,0,0,0,0
nh,2026-01-24,0,0,0,0
nh,2026-01-31,1,0,0,0
nh,2026-02-07,0,0,0,0
nh,2026-02-14,0,0,0,0
nh,2026-02-21,0,0,0,0
nh,2026-02-28,0,0,0,0
nh,2026-03-07,0,0,0,0
nh,2026-03-14,0,0,0,0
nh,2026-03-21,0,0,0,0
nh,2026-03-28,0,0,0,0
nh,2026-04-04,0,0,0,0
nh,2026-04-11,0,0,0,0
nh,2026-04-18,0,0,0,0
nh,2026-04-25,0,0,0,0
nh,2026-05-02,0,0,0,0
nh,2026-05-09,0,0,0,0
nh,2026-05-16,0,0,0,0
nh,2026-05-23,0,0,0,0
nh,2026-05-30,0,0,0,0
nh,2026-06-06,0,0,0,0
nh,2026-06-13,0,0,0,0
nh,2026-06-20,0,0,0,0
nj,2025-07-26,0,0,0,0
nj,2025-08-02,0,0,0,0
nj,2025-08-09,0,0,0,0
nj,2025-08-16,0,0,0,0
nj,2025-08-23,0,1,0,0
nj,2025-08-30,0,0,0,0
nj,2025-09-06,0,1,0,0
nj,2025-09-13,0,0,0,0
nj,2025-09-20,0,1,0,0
nj,2025-09-27,0,0,0,0
nj,2025-10-04,0,0,0,0
nj,2025-10-11,0,0,0,0
nj,2025-10-18,0,0,0,0
nj,2025-10-25,0,0,0,0
nj,2025-11-01,0,0,0,0
nj,2025-11-08,0,0,0,0
nj,2025-11-15,0,0,0,0
nj,2025-11-22,0,0,0,0
nj,2025-11-29,0,1,0,0
nj,2025-12-06,0,1,0,0
nj,2025-12-13,0,1,0,0
nj,2025-12-20,0,1,0,0
nj,2025-12-27,1,1,0,0
nj,2026-01-03,0,0,0,0
nj,2026-01-10,0,0,0,0
nj,2026-01-17,0,0,0,0
nj,2026-01-24,0,0,0,0
nj,2026-01-31,0,0,0,0
nj,2026-02-07,0,0,0,0
nj,2026-02-14,0,0,0,0
nj,2026-02-21,0,0,0,0
nj,2026-02-28,0,0,0,0
nj,2026-03-07,0,0,0,0
nj,2026-03-14,0,0,0,0
nj,2026-03-21,0,0,0,0
nj,2026-03-28,0,0,0,0
nj,2026-04-04,0,0,0,0
nj,2026-04-11,0,0,0,0
nj,2026-04-18,0,0,0,0
nj,2026-04-25,0,0,0,0
nj,2026-05-02,0,0,0,0
nj,2026-05-09,0,0,0,0
nj,2026-05-16,0,0,0,0
nj,2026-05-23,0,0,0,0
nj,2026-05-30,0,0,0,0
nj,2026-06-06,0,0,0,0
nj,2026-06-13,0,0,0,0
nm,2025-07-26,0,0,0,0
nm,2025-08-02,0,0,0,0
nm,2025-08-09,0,0,0,0
nm,2025-08-16,1,1,0,0
nm,2025-08-23,0,1,0,0
nm,2025-08-30,0,1,0,0
nm,2025-09-06,0,1,0,0
nm,2025-09-13,0,0,0,0
nm,2025-09-20,0,0,0,0
nm,2025-09-27,0,1,0,0
nm,2025-10-04,0,1,0,0
nm,2025-10-11,0,0,0,0
nm,2025-10-18,0,0,0,0
nm,2025-10-25,0,0,0,0
nm,2025-11-01,0,1,0,0
nm,2025-11-08,0,1,0,0
nm,2025-11-15,0,1,0,0
nm,2025-11-22,1,1,0,1
nm,2025-11-29,1,1,0,1
nm,2025-12-06,0,1,1,1
nm,2025-12-13,1,1,0,1
nm,2025-12-20,1,1,1,1
nm,2025-12-27,0,1,0,1
nm,2026-01-03,0,0,0,0
nm,2026-01-10,0,0,0,0
nm,2026-01-17,0,0,0,0
nm,2026-01-24,0,0,0,0
nm,2026-01-31,0,0,0,0
nm,2026-02-07,0,0,0,0
nm,2026-02-14,0,0,0,0
nm,2026-02-21,0,0,0,0
nm,2026-02-28,0,0,0,0
nm,2026-03-07,0,0,0,0
nm,2026-03-14,0,0,0,0
nm,2026-03-21,0,0,0,0
nm,2026-03-28,0,0,0,0
nm,2026-04-04,0,0,0,0
nm,2026-04-11,0,0,0,0
nm,2026-04-18,0,0,0,0
nm,2026-04-25,0,0,0,0
nm,2026-05-02,0,0,0,0
nm,2026-05-09,0,0,0,0
nm,2026-05-16,0,0,0,0
nm,2026-05-23,0,0,0,0
nm,2026-05-30,0,0,0,0
nm,2026-06-06,0,0,0,0
nm,2026-06-13,0,0,0,0
nm,2026-06-20,0,0,0,0
nv,2025-07-26,0,0,0,0
nv,2025-08-02,0,0,0,0
nv,2025-08-09,0,1,0,0
nv,2025-08-16,0,1,0,1
nv,2025-08-23,0,1,0,0
nv,2025-08-30,1,1,0,0
nv,2025-09-06,0,1,0,0
nv,2025-09-13,0,1,0,0
nv,2025-09-20,0,1,0,0
nv,2025-09-27,0,0,0,0
nv,2025-10-04,0,0,0,0
nv,2025-10-11,0,0,0,0
nv,2025-10-18,0,0,0,0
nv,2025-10-25,0,1,0,0
nv,2025-11-01,0,1,0,0
nv,2025-11-08,0,0,0,0
nv,2025-11-15,0,0,0,0
nv,2025-11-22,0,0,0,0
nv,2025-11-29,0,0,0,0
nv,2025-12-06,0,1,0,0
nv,2025-12-13,0,1,0,0
nv,2025-12-20,0,1,0,0
nv,2025-12-27,0,1,0,0
nv,2026-01-03,0,0,0,0
nv,2026-01-10,0,0,0,0
nv,2026-01-17,0,0,0,0
nv,2026-01-24,0,0,0,0
nv,2026-01-31,0,0,0,0
nv,2026-02-07,0,0,0,0
nv,2026-02-14,0,0,0,0
nv,2026-02-21,0,0,0,0
nv,2026-02-28,0,0,0,0
nv,2026-03-07,0,0,0,0
nv,2026-03-14,0,0,0,0
nv,2026-03-21,0,0,0,0
nv,2026-03-28,0,0,0,0
nv,2026-04-04,0,0,0,0
nv,2026-04-11,0,0,0,0
nv,2026-04-18,0,0,0,0
nv,2026-04-25,0,0,0,0
nv,2026-05-02,0,0,0,0
nv,2026-05-09,0,0,0,0
nv,2026-05-16,0,0,0,0
nv,2026-05-23,0,0,0,0
nv,2026-05-30,0,0,0,0
nv,2026-06-06,0,0,0,0
nv,2026-06-13,0,0,0,0
nv,2026-06-20,0,0,0,0
ny,2025-07-26,0,0,0,0
ny,2025-08-02,0,0,0,0
ny,2025-08-09,0,0,0,0
ny,2025-08-16,0,0,0,0
ny,2025-08-23,0,0,0,0
ny,2025-08-30,0,0,0,0
ny,2025-09-06,0,1,0,0
ny,2025-09-13,0,1,0,0
ny,2025-09-20,0,1,0,0
ny,2025-09-27,0,0,0,0
ny,2025-10-04,0,0,0,0
ny,2025-10-11,0,0,0,0
ny,2025-10-18,0,0,0,0
ny,2025-10-25,0,0,0,0
ny,2025-11-01,0,0,0,0
ny,2025-11-08,0,0,0,0
ny,2025-11-15,0,1,0,0
ny,2025-11-22,0,1,0,0
ny,2025-11-29,0,1,0,0
ny,2025-12-06,0,1,0,0
ny,2025-12-13,0,1,0,0
ny,2025-12-20,0,1,0,1
ny,2025-12-27,0,1,0,0
ny,2026-01-03,0,0,0,0
ny,2026-01-10,0,0,0,0
ny,2026-01-17,0,0,0,0
ny,2026-01-24,0,0,0,0
ny,2026-01-31,0,0,0,0
ny,2026-02-07,0,0,0,0
ny,2026-02-14,0,0,0,0
ny,2026-02-21,0,0,0,0
ny,2026-02-28,0,0,0,0
ny,2026-03-07,0,0,0,0
ny,2026-03-14,0,0,0,0
ny,2026-03-21,0,0,0,0
ny,2026-03-28,0,0,0,0
ny,2026-04-04,0,0,0,0
ny,2026-04-11,0,0,0,0
ny,2026-04-18,0,0,0,0
ny,2026-04-25,0,0,0,0
ny,2026-05-02,0,0,0,0
ny,2026-05-09,0,0,0,0
ny,2026-05-16,0,0,0,0
ny,2026-05-23,0,0,0,0
ny,2026-05-30,0,0,0,0
ny,2026-06-06,0,0,0,0
oh,2025-07-26,0,0,0,0
oh,2025-08-02,0,0,0,0
oh,2025-08-09,0,0,0,0
oh,2025-08-16,0,0,0,0
oh,2025-08-23,0,0,0,0
oh,2025-08-30,0,1,0,0
oh,2025-09-06,0,1,0,0
oh,2025-09-13,0,1,0,0
oh,2025-09-20,0,1,0,0
oh,2025-09-27,0,0,0,0
oh,2025-10-04,0,0,0,0
oh,2025-10-11,0,0,0,0
oh,2025-10-18,0,0,0,0
oh,2025-10-25,0,0,0,0
oh,2025-11-01,0,0,0,0
oh,2025-11-08,0,1,0,0
oh,2025-11-15,0,1,0,0
oh,2025-11-22,0,1,0,0
oh,2025-11-29,0,1,0,0
oh,2025-12-06,0,1,0,0
oh,2025-12-13,0,1,0,0
oh,2025-12-20,0,1,0,1
oh,2025-12-27,1,1,1,1
oh,2026-01-03,0,0,0,0
oh,2026-01-10,0,0,0,0
oh,2026-01-17,0,0,0,0
oh,2026-01-24,0,0,0,0
oh,2026-01-31,0,0,0,0
oh,2026-02-07,0,0,0,0
oh,2026-02-14,0,0,0,0
oh,2026-02-21,0,0,0,0
oh,2026-02-28,0,0,0,0
oh,2026-03-07,0,0,0,0
oh,2026-03-14,0,0,0,0
oh,2026-03-21,0,0,0,0
oh,2026-03-28,0,0,0,0
oh,2026-04-04,0,0,0,0
oh,2026-04-11,0,0,0,0
oh,2026-04-18,0,0,0,0
oh,2026-04-25,0,0,0,0
oh,2026-05-02,0,0,0,0
oh,2026-05-09,0,0,0,0
oh,2026-05-16,0,0,0,0
oh,2026-05-23,0,0,0,0
oh,2026-05-30,0,0,0,0
oh,2026-06-06,0,0,0,0
oh,2026-06-13,0,0,0,0
oh,2026-06-20,0,0,0,0
ok,2025-08-09,0,0,0,0
ok,2025-08-16,0,0,0,0
ok,2025-08-23,0,1,0,0
ok,2025-08-30,0,1,0,0
ok,2025-09-06,0,1,0,0
ok,2025-09-13,0,0,0,0
ok,2025-09-20,0,1,0,0
ok,2025-09-27,0,1,0,0
ok,2025-10-04,0,0,0,0
ok,2025-10-11,0,0,0,0
ok,2025-10-18,0,0,0,0
ok,2025-10-25,0,0,0,0
ok,2025-11-01,0,0,0,0
ok,2025-11-08,0,1,0,0
ok,2025-11-15,0,1,0,0
ok,2025-11-22,0,1,0,0
ok,2025-11-29,0,0,0,0
ok,2025-12-06,0,1,0,0
ok,2025-12-13,0,1,0,0
ok,2025-12-20,0,1,0,1
ok,2025-12-27,0,1,0,1
ok,2026-01-03,0,1,0,0
ok,2026-01-10,0,0,0,0
ok,2026-01-17,0,0,0,0
ok,2026-01-24,0,0,0,0
ok,2026-01-31,0,0,0,0
ok,2026-02-07,0,1,0,0
ok,2026-02-14,0,0,0,0
ok,2026-02-21,0,1,0,0
ok,2026-02-28,0,0,0,0
ok,2026-03-07,0,0,0,0
ok,2026-03-14,0,0,0,0
ok,2026-03-21,0,0,0,0
ok,2026-03-28,0,0,0,0
ok,2026-04-04,0,0,0,0
ok,2026-04-11,0,0,0,0
ok,2026-04-18,0,0,0,0
ok,2026-04-25,0,0,0,0
ok,2026-05-02,0,0,0,0
ok,2026-05-09,0,0,0,0
ok,2026-05-16,0,0,0,0
ok,2026-05-23,0,0,0,0
ok,2026-05-30,0,0,0,0
ok,2026-06-06,0,0,0,0
ok,2026-06-13,0,0,0,0
or,2025-07-26,0,0,0,0
or,2025-08-02,0,1,0,0
or,2025-08-09,0,1,0,0
or,2025-08-16,0,1,0,0
or,2025-08-23,0,0,0,0
or,2025-08-30,0,1,0,0
or,2025-09-06,0,1,0,0
or,2025-09-13,0,1,0,0
or,2025-09-20,0,0,0,0
or,2025-09-27,0,0,0,0
or,2025-10-04,0,0,0,0
or,2025-10-11,0,0,0,0
or,2025-10-18,0,0,0,0
or,2025-10-25,0,0,0,0
or,2025-11-01,0,0,0,0
or,2025-11-08,0,0,0,0
or,2025-11-15,0,0,0,0
or,2025-11-22,0,0,0,0
or,2025-11-29,0,0,0,0
or,2025-12-06,0,0,0,0
or,2025-12-13,0,0,0,0
or,2025-12-20,0,0,0,0
or,2025-12-27,0,0,0,0
or,2026-01-03,0,0,0,0
or,2026-01-10,0,0,0,0
or,2026-01-17,0,0,0,0
or,2026-01-24,0,0,0,0
or,2026-01-31,0,0,0,0
or,2026-02-07,0,0,0,0
or,2026-02-14,0,0,0,0
or,2026-02-21,0,0,0,0
or,2026-02-28,0,0,0,0
or,2026-03-07,0,0,0,0
or,2026-03-14,0,0,0,0
or,2026-03-21,0,0,0,0
or,2026-03-28,0,0,0,0
or,2026-04-04,0,0,0,0
or,2026-04-11,0,0,0,0
or,2026-04-18,0,0,0,0
or,2026-04-25,0,0,0,0
or,2026-05-02,0,0,0,0
or,2026-05-09,0,0,0,0
or,2026-05-16,0,0,0,0
or,2026-05-23,0,0,0,0
or,2026-05-30,0,0,0,0
or,2026-06-06,0,0,0,0
or,2026-06-13,0,0,0,0
pa,2025-07-26,0,0,0,0
pa,2025-08-02,0,0,0,0
pa,2025-08-09,0,0,0,0
pa,2025-08-16,0,0,0,0
pa,2025-08-23,0,0,0,0
pa,2025-08-30,0,0,0,0
pa,2025-09-06,0,1,0,0
pa,2025-09-13,0,1,0,0
pa,2025-09-20,0,0,0,0
pa,2025-09-27,0,0,0,0
pa,2025-10-04,0,0,0,0
pa,2025-10-11,0,0,0,0
pa,2025-10-18,0,0,0,0
pa,2025-10-25,0,0,0,0
pa,2025-11-01,0,0,0,0
pa,2025-11-08,0,0,0,0
pa,2025-11-15,0,0,0,0
pa,2025-11-22,0,1,0,0
pa,2025-11-29,0,0,0,0
pa,2025-12-06,0,1,0,0
pa,2025-12-13,0,1,0,0
pa,2025-12-20,1,1,0,1
pa,2025-12-27,1,1,0,1
pa,2026-01-03,0,0,0,0
pa,2026-01-10,0,0,0,0
pa,2026-01-17,0,0,0,0
pa,2026-01-24,0,0,0,0
pa,2026-01-31,0,0,0,0
pa,2026-02-07,0,0,0,0
pa,2026-02-14,0,0,0,0
pa,2026-02-21,0,0,0,0
pa,2026-02-28,0,0,0,0
pa,2026-03-07,0,0,0,0
pa,2026-03-14,0,0,0,0
pa,2026-03-21,0,0,0,0
pa,2026-03-28,0,0,0,0
pa,2026-04-04,0,0,0,0
pa,2026-04-11,0,0,0,0
pa,2026-04-18,0,0,0,0
pa,2026-04-25,0,0,0,0
pa,2026-05-02,0,0,0,0
pa,2026-05-09,0,0,0,0
pa,2026-05-16,0,0,0,0
pa,2026-05-23,0,0,0,0
pa,2026-05-30,0,0,0,0
pa,2026-06-06,0,0,0,0
pa,2026-06-13,0,0,0,0
pa,2026-06-20,0,0,0,0
ri,2025-07-26,0,1,0,0
ri,2025-08-02,0,0,0,0
ri,2025-08-09,0,1,0,0
ri,2025-08-16,0,1,0,0
ri,2025-08-23,0,1,0,0
ri,2025-08-30,0,0,0,0
ri,2025-09-06,0,1,0,0
ri,2025-09-13,1,1,0,0
ri,2025-09-20,0,1,0,0
ri,2025-09-27,0,0,0,0
ri,2025-10-04,0,0,0,0
ri,2025-10-11,0,0,0,0
ri,2025-10-18,0,0,0,0
ri,2025-10-25,0,0,0,0
ri,2025-11-01,0,0,0,0
ri,2025-11-08,0,0,0,0
ri,2025-11-15,0,0,0,0
ri,2025-11-22,0,0,0,0
ri,2025-11-29,0,1,0,0
ri,2025-12-06,1,1,0,0
ri,2025-12-13,0,1,0,0
ri,2025-12-20,1,1,0,0
ri,2025-12-27,0,1,0,1
ri,2026-01-03,0,0,0,0
ri,2026-01-10,0,0,0,0
ri,2026-01-17,1,0,0,0
ri,2026-01-24,0,0,0,0
ri,2026-01-31,0,0,0,0
ri,2026-02-07,0,0,0,0
ri,2026-02-14,0,0,0,0
ri,2026-02-21,0,0,0,0
ri,2026-02-28,0,0,0,0
ri,2026-03-07,0,0,0,0
ri,2026-03-14,0,0,0,0
ri,2026-03-21,0,0,0,0
ri,2026-03-28,0,0,0,0
ri,2026-04-04,0,0,0,0
ri,2026-04-11,0,0,0,0
ri,2026-04-18,0,0,0,0
ri,2026-04-25,0,0,0,0
ri,2026-05-02,0,0,0,0
ri,2026-05-09,0,0,0,0
ri,2026-05-16,0,0,0,0
ri,2026-05-23,0,0,0,0
ri,2026-05-30,0,0,0,0
ri,2026-06-06,0,0,0,0
ri,2026-06-13,0,0,0,0
ri,2026-06-20,0,0,0,0
sc,2025-07-26,0,1,0,0
sc,2025-08-02,0,0,0,0
sc,2025-08-09,0,1,0,0
sc,2025-08-16,0,1,0,0
sc,2025-08-23,0,1,0,0
sc,2025-08-30,1,1,0,0
sc,2025-09-06,0,1,0,0
sc,2025-09-13,0,1,0,0
sc,2025-09-20,0,0,0,0
sc,2025-09-27,0,0,0,0
sc,2025-10-04,0,0,0,0
sc,2025-10-11,0,0,0,0
sc,2025-10-18,0,1,0,0
sc,2025-10-25,0,1,0,0
sc,2025-11-01,0,0,0,0
sc,2025-11-08,0,1,0,0
sc,2025-11-15,0,1,0,0
sc,2025-11-22,0,1,0,0
sc,2025-11-29,0,0,0,0
sc,2025-12-06,0,0,0,0
sc,2025-12-13,0,1,0,0
sc,2025-12-20,0,1,0,1
sc,2025-12-27,0,1,0,1
sc,2026-01-03,0,0,0,0
sc,2026-01-10,0,0,0,0
sc,2026-01-17,0,0,0,0
sc,2026-01-24,0,0,0,0
sc,2026-01-31,0,0,0,0
sc,2026-02-07,0,0,0,0
sc,2026-02-14,0,0,0,0
sc,2026-02-21,0,0,0,0
sc,2026-02-28,0,0,0,0
sc,2026-03-07,0,0,0,0
sc,2026-03-14,0,0,0,0
sc,2026-03-21,0,0,0,0
sc,2026-03-28,0,0,0,0
sc,2026-04-04,0,0,0,0
sc,2026-04-11,0,0,0,0
sc,2026-04-18,0,0,0,0
sc,2026-04-25,0,0,0,0
sc,2026-05-02,0,0,0,0
sc,2026-05-09,0,0,0,0
sc,2026-05-16,0,0,0,0
sc,2026-05-23,0,0,0,0
sc,2026-05-30,0,0,0,0
sc,2026-06-06,0,0,0,0
sc,2026-06-13,0,0,0,0
sc,2026-06-20,0,0,0,0
sd,2025-07-26,0,0,0,0
sd,2025-08-02,0,0,0,0
sd,2025-08-09,0,0,0,0
sd,2025-08-16,0,1,0,0
sd,2025-08-23,0,1,0,0
sd,2025-08-30,0,0,0,0
sd,2025-09-06,1,1,0,0
sd,2025-09-13,0,1,0,0
sd,2025-09-20,0,1,0,0
sd,2025-09-27,0,0,0,0
sd,2025-10-04,0,0,0,0
sd,2025-10-11,0,0,0,0
sd,2025-10-18,0,0,0,0
sd,2025-10-25,0,0,0,0
sd,2025-11-01,0,0,0,0
sd,2025-11-08,0,1,0,0
sd,2025-11-15,0,0,0,0
sd,2025-11-22,0,1,0,0
sd,2025-11-29,0,1,0,0
sd,2025-12-06,0,1,0,0
sd,2025-12-13,0,1,0,0
sd,2025-12-20,1,1,0,0
sd,2025-12-27,1,1,0,0
sd,2026-01-03,0,0,0,0
sd,2026-01-10,1,0,0,0
sd,2026-01-17,0,0,0,0
sd,2026-01-24,0,0,0,0
sd,2026-01-31,1,0,0,0
sd,2026-02-07,0,0,0,0
sd,2026-02-14,0,0,0,0
sd,2026-02-21,0,0,0,0
sd,2026-02-28,0,0,0,0
sd,2026-03-07,0,0,0,0
sd,2026-03-14,0,0,0,0
sd,2026-03-21,0,0,0,0
sd,2026-03-28,0,0,0,0
sd,2026-04-04,0,0,0,0
sd,2026-04-11,0,0,0,0
sd,2026-04-18,0,0,0,0
sd,2026-04-25,0,0,0,0
sd,2026-05-02,0,0,0,0
sd,2026-05-09,0,0,0,0
sd,2026-05-16,0,0,0,0
sd,2026-05-23,0,0,0,0
sd,2026-05-30,0,0,0,0
sd,2026-06-06,0,0,0,0
sd,2026-06-13,0,0,0,0
sd,2026-06-20,0,0,0,0
tx,2025-07-26,0,0,0,0
tx,2025-08-02,0,1,0,0
tx,2025-08-09,0,0,0,0
tx,2025-08-16,0,0,0,0
tx,2025-08-23,1,1,0,0
tx,2025-08-30,0,1,0,0
tx,2025-09-06,0,1,0,0
tx,2025-09-13,0,0,0,0
tx,2025-09-20,0,0,0,0
tx,2025-09-27,0,0,0,0
tx,2025-10-04,0,0,0,0
tx,2025-10-11,0,0,0,0
tx,2025-10-18,0,0,0,0
tx,2025-10-25,0,0,0,0
tx,2025-11-01,0,0,0,0
tx,2025-11-08,0,0,0,0
tx,2025-11-15,0,0,0,0
tx,2025-11-22,0,0,0,0
tx,2025-11-29,0,0,0,0
tx,2025-12-06,0,0,0,0
tx,2025-12-13,0,0,0,0
tx,2025-12-20,0,0,0,0
tx,2025-12-27,0,0,0,0
tx,2026-01-03,0,0,0,0
tx,2026-01-10,0,0,0,0
tx,2026-01-17,0,0,0,0
tx,2026-01-24,0,0,0,0
tx,2026-01-31,0,0,0,0
tx,2026-02-07,0,0,0,0
tx,2026-02-14,0,0,0,0
tx,2026-02-21,0,0,0,0
tx,2026-02-28,0,0,0,0
tx,2026-03-07,0,0,0,0
tx,2026-03-14,0,0,0,0
tx,2026-03-21,0,0,0,0
tx,2026-03-28,0,0,0,0
tx,2026-04-04,0,0,0,0
tx,2026-04-11,0,0,0,0
tx,2026-04-18,0,0,0,0
tx,2026-04-25,0,0,0,0
tx,2026-05-02,0,0,0,0
tx,2026-05-09,0,0,0,0
tx,2026-05-16,0,0,0,0
tx,2026-05-23,0,0,0,0
tx,2026-05-30,0,0,0,0
tx,2026-06-06,0,0,0,0
tx,2026-06-13,0,0,0,0
tx,2026-06-20,0,0,0,0
ut,2025-07-26,0,0,0,0
ut,2025-08-02,0,0,0,0
ut,2025-08-09,0,1,0,0
ut,2025-08-16,0,1,0,0
ut,2025-08-23,0,1,0,0
ut,2025-08-30,0,1,0,0
ut,2025-09-06,0,1,0,0
ut,2025-09-13,0,0,0,0
ut,2025-09-20,0,0,0,0
ut,2025-09-27,0,0,0,0
ut,2025-10-04,0,0,0,0
ut,2025-10-11,0,0,0,0
ut,2025-10-18,0,0,0,0
ut,2025-10-25,0,0,0,0
ut,2025-11-01,0,0,0,0
ut,2025-11-08,0,0,0,0
ut,2025-11-15,0,1,0,0
ut,2025-11-22,0,0,0,0
ut,2025-11-29,0,0,0,0
ut,2025-12-06,0,0,0,0
ut,2025-12-13,0,0,0,0
ut,2025-12-20,0,1,0,0
ut,2025-12-27,0,1,0,0
ut,2026-01-03,0,0,0,0
ut,2026-01-10,0,0,0,0
ut,2026-01-17,0,0,0,0
ut,2026-01-24,0,0,0,0
ut,2026-01-31,0,0,0,0
ut,2026-02-07,0,0,0,0
ut,2026-02-14,0,0,0,0
ut,2026-02-21,0,0,0,0
ut,2026-02-28,0,0,0,0
ut,2026-03-07,0,0,0,0
ut,2026-03-14,0,0,0,0
ut,2026-03-21,0,0,0,0
ut,2026-03-28,0,0,0,0
ut,2026-04-04,0,0,0,0
ut,2026-04-11,0,0,0,0
ut,2026-04-18,0,0,0,0
ut,2026-04-25,0,0,0,0
ut,2026-05-02,0,0,0,0
ut,2026-05-09,0,0,0,0
ut,2026-05-16,0,0,0,0
ut,2026-05-23,0,0,0,0
ut,2026-05-30,0,0,0,0
ut,2026-06-06,0,0,0,0
ut,2026-06-13,0,0,0,0
va,2025-07-26,0,1,0,0
va,2025-08-02,0,1,0,0
va,2025-08-09,0,1,0,0
va,2025-08-16,0,1,0,0
va,2025-08-23,0,1,0,0
va,2025-08-30,0,1,0,0
va,2025-09-06,0,1,0,0
va,2025-09-13,0,1,0,0
va,2025-09-20,0,0,0,0
va,2025-09-27,0,0,0,0
va,2025-10-04,0,0,0,0
va,2025-10-11,0,0,0,0
va,2025-10-18,0,0,0,0
va,2025-10-25,0,0,0,0
va,2025-11-01,0,0,0,0
va,2025-11-08,0,0,0,0
va,2025-11-15,0,0,0,0
va,2025-11-22,0,1,0,0
va,2025-11-29,0,1,0,0
va,2025-12-06,0,0,0,0
va,2025-12-13,0,1,0,0
va,2025-12-20,0,1,0,0
va,2025-12-27,0,1,0,0
va,2026-01-03,0,0,0,0
va,2026-01-10,0,0,0,0
va,2026-01-17,0,0,0,0
va,2026-01-24,0,0,0,0
va,2026-01-31,0,0,0,0
va,2026-02-07,0,0,0,0
va,2026-02-14,0,0,0,0
va,2026-02-21,0,0,0,0
va,2026-02-28,0,0,0,0
va,2026-03-07,0,0,0,0
va,2026-03-14,0,0,0,0
va,2026-03-21,0,0,0,0
va,2026-03-28,0,0,0,0
va,2026-04-04,0,0,0,0
va,2026-04-11,0,0,0,0
va,2026-04-18,0,0,0,0
va,2026-04-25,0,0,0,0
va,2026-05-02,0,0,0,0
va,2026-05-09,0,0,0,0
va,2026-05-16,0,0,0,0
va,2026-05-23,0,0,0,0
va,2026-05-30,0,0,0,0
va,2026-06-06,0,0,0,0
va,2026-06-13,0,0,0,0
vt,2025-07-26,0,0,0,0
vt,2025-08-02,0,0,0,0
vt,2025-08-09,0,0,0,0
vt,2025-08-16,0,0,0,0
vt,2025-08-23,0,1,0,0
vt,2025-08-30,0,0,0,0
vt,2025-09-06,0,1,0,0
vt,2025-09-13,0,1,0,0
vt,2025-09-20,0,1,0,0
vt,2025-09-27,0,1,0,0
vt,2025-10-04,0,0,0,0
vt,2025-10-11,0,0,0,0
vt,2025-10-18,0,0,0,0
vt,2025-10-25,0,1,0,0
vt,2025-11-01,0,1,0,0
vt,2025-11-08,0,1,0,0
vt,2025-11-15,0,0,0,0
vt,2025-11-22,0,1,0,0
vt,2025-11-29,0,1,0,0
vt,2025-12-06,0,1,0,0
vt,2025-12-13,0,0,0,0
vt,2025-12-20,1,0,0,0
vt,2025-12-27,0,1,0,0
vt,2026-01-03,0,0,0,0
vt,2026-01-10,0,1,0,0
vt,2026-01-17,0,0,0,0
vt,2026-01-24,0,0,0,0
vt,2026-01-31,0,0,0,0
vt,2026-02-07,1,0,0,0
vt,2026-02-14,0,0,0,0
vt,2026-02-21,0,0,0,0
vt,2026-02-28,0,1,0,0
vt,2026-03-07,0,0,0,0
vt,2026-03-14,0,0,0,0
vt,2026-03-21,0,0,0,0
vt,2026-03-28,0,1,0,0
vt,2026-04-04,0,0,0,0
vt,2026-04-11,0,0,0,0
vt,2026-04-18,0,0,0,0
vt,2026-04-25,0,0,0,0
vt,2026-05-02,0,0,0,0
vt,2026-05-09,0,0,0,0
vt,2026-05-16,0,0,0,0
vt,2026-05-23,0,0,0,0
vt,2026-05-30,0,0,0,0
vt,2026-06-06,0,0,0,0
vt,2026-06-13,0,0,0,0
wa,2025-07-26,0,1,0,0
wa,2025-08-02,0,1,0,0
wa,2025-08-09,0,1,0,0
wa,2025-08-16,0,1,0,0
wa,2025-08-23,0,1,0,0
wa,2025-08-30,0,1,0,0
wa,2025-09-06,0,1,0,0
wa,2025-09-13,0,1,0,0
wa,2025-09-20,0,1,0,0
wa,2025-09-27,0,1,0,0
wa,2025-10-04,0,0,0,0
wa,2025-10-11,0,0,0,0
wa,2025-10-18,0,0,0,0
wa,2025-10-25,0,0,0,0
wa,2025-11-01,0,0,0,0
wa,2025-11-08,0,0,0,0
wa,2025-11-15,0,0,0,0
wa,2025-11-22,0,0,0,0
wa,2025-11-29,0,0,0,0
wa,2025-12-06,0,0,0,0
wa,2025-12-13,0,0,0,0
wa,2025-12-20,0,0,0,0
wa,2025-12-27,0,0,0,0
wa,2026-01-03,0,0,0,0
wa,2026-01-10,0,0,0,0
wa,2026-01-17,0,0,0,0
wa,2026-01-24,0,0,0,0
wa,2026-01-31,0,0,0,0
wa,2026-02-07,0,0,0,0
wa,2026-02-14,0,0,0,0
wa,2026-02-21,0,0,0,0
wa,2026-02-28,0,0,0,0
wa,2026-03-07,0,0,0,0
wa,2026-03-14,0,0,0,0
wa,2026-03-21,0,0,0,0
wa,2026-03-28,0,0,0,0
wa,2026-04-18,0,0,0,0
wa,2026-04-25,0,0,0,0
wa,2026-05-02,0,0,0,0
wa,2026-05-09,0,0,0,0
wa,2026-05-16,0,0,0,0
wa,2026-05-23,0,0,0,0
wa,2026-05-30,0,0,0,0
wa,2026-06-06,0,0,0,0
wi,2025-07-26,0,0,0,0
wi,2025-08-02,0,0,0,0
wi,2025-08-09,0,0,0,0
wi,2025-08-16,0,0,0,0
wi,2025-08-23,0,0,0,0
wi,2025-08-30,0,1,0,0
wi,2025-09-06,0,1,0,0
wi,2025-09-13,0,1,0,0
wi,2025-09-20,0,1,0,0
wi,2025-09-27,0,0,0,0
wi,2025-10-04,0,0,0,0
wi,2025-10-11,0,0,0,0
wi,2025-10-18,0,0,0,0
wi,2025-10-25,0,0,0,0
wi,2025-11-01,0,0,0,0
wi,2025-11-08,0,0,0,0
wi,2025-11-15,0,0,0,0
wi,2025-11-22,0,0,0,0
wi,2025-11-29,0,0,0,0
wi,2025-12-06,0,1,0,0
wi,2025-12-13,0,1,0,0
wi,2025-12-20,0,1,0,0
wi,2025-12-27,0,1,0,1
wi,2026-01-03,0,0,0,0
wi,2026-01-10,0,0,0,0
wi,2026-01-17,0,0,0,0
wi,2026-01-24,0,0,0,0
wi,2026-01-31,0,0,0,0
wi,2026-02-07,0,0,0,0
wi,2026-02-14,0,0,0,0
wi,2026-02-21,0,0,0,0
wi,2026-02-28,0,0,0,0
wi,2026-03-07,0,0,0,0
wi,2026-03-14,0,0,0,0
wi,2026-03-21,0,0,0,0
wi,2026-03-28,0,0,0,0
wi,2026-04-04,0,0,0,0
wi,2026-04-11,0,0,0,0
wi,2026-04-18,0,0,0,0
wi,2026-04-25,0,0,0,0
wi,2026-05-02,0,0,0,0
wi,2026-05-09,0,0,0,0
wi,2026-05-16,0,0,0,0
wi,2026-05-23,0,0,0,0
wi,2026-05-30,0,0,0,0
wi,2026-06-06,0,0,0,0
wi,2026-06-13,0,0,0,0
wv,2025-07-26,0,0,0,0
wv,2025-08-02,0,0,0,0
wv,2025-08-09,0,1,0,0
wv,2025-08-16,0,1,0,0
wv,2025-08-23,0,1,0,0
wv,2025-08-30,0,1,0,0
wv,2025-09-06,0,0,0,0
wv,2025-09-13,0,1,0,0
wv,2025-09-20,0,1,0,0
wv,2025-09-27,0,0,0,0
wv,2025-10-04,0,0,0,0
wv,2025-10-11,0,0,0,0
wv,2025-10-18,0,0,0,0
wv,2025-10-25,0,1,0,0
wv,2025-11-01,0,0,0,0
wv,2025-11-08,0,0,0,0
wv,2025-11-15,0,0,0,0
wv,2025-11-22,0,0,0,0
wv,2025-11-29,0,1,0,0
wv,2025-12-06,0,1,0,0
wv,2025-12-13,0,1,0,0
wv,2025-12-20,1,1,0,1
wv,2025-12-27,1,1,1,1
wv,2026-01-03,0,0,0,0
wv,2026-01-10,0,0,0,0
wv,2026-01-17,1,0,0,0
wv,2026-01-24,0,0,0,0
wv,2026-01-31,0,0,0,0
wv,2026-02-07,0,0,0,0
wv,2026-02-14,0,0,0,0
wv,2026-02-21,0,0,0,0
wv,2026-02-28,0,0,0,0
wv,2026-03-07,0,0,0,0
wv,2026-03-14,0,0,0,0
wv,2026-03-21,0,0,0,0
wv,2026-03-28,0,0,0,0
wv,2026-04-04,0,0,0,0
wv,2026-04-11,0,0,0,0
wv,2026-04-18,0,0,0,0
wv,2026-04-25,0,0,0,0
wv,2026-05-02,0,0,0,0
wv,2026-05-09,0,0,0,0
wv,2026-05-16,0,0,0,0
wv,2026-05-23,0,0,0,0
wv,2026-05-30,0,0,0,0
wv,2026-06-06,0,0,0,0
wv,2026-06-13,0,0,0,0
wy,2025-07-26,0,1,0,0
wy,2025-08-02,0,0,0,0
wy,2025-08-09,0,1,0,0
wy,2025-08-16,0,1,0,0
wy,2025-08-23,0,1,0,0
wy,2025-08-30,1,1,0,0
wy,2025-09-06,0,1,0,0
wy,2025-09-13,0,1,0,0
wy,2025-09-20,0,1,0,0
wy,2025-09-27,0,1,0,0
wy,2025-10-04,0,1,0,0
wy,2025-10-11,0,0,0,0
wy,2025-10-18,0,0,0,0
wy,2025-10-25,0,0,0,0
wy,2025-11-01,0,0,0,0
wy,2025-11-08,0,0,0,0
wy,2025-11-15,0,1,0,0
wy,2025-11-22,0,1,0,0
wy,2025-11-29,0,1,0,0
wy,2025-12-06,1,1,0,0
wy,2025-12-13,0,0,0,0
wy,2025-12-20,0,1,0,0
wy,2025-12-27,1,1,0,0
wy,2026-01-03,0,0,0,0
wy,2026-01-10,1,0,0,0
wy,2026-01-17,0,0,0,0
wy,2026-01-24,1,0,0,0
wy,2026-01-31,1,0,0,0
wy,2026-02-07,1,0,0,0
wy,2026-02-14,0,0,0,0
wy,2026-02-21,0,0,0,0
wy,2026-02-28,0,0,0,0
wy,2026-03-07,0,0,0,0
wy,2026-03-14,0,0,0,0
wy,2026-03-21,0,0,0,0
wy,2026-03-28,0,0,0,0
wy,2026-04-04,0,0,0,0
wy,2026-04-11,0,0,0,0
wy,2026-04-18,0,0,0,0
wy,2026-04-25,0,0,0,0
wy,2026-05-02,0,0,0,0
wy,2026-05-09,0,0,0,0
wy,2026-05-16,0,0,0,0
wy,2026-05-23,0,0,0,0
wy,2026-05-30,0,0,0,0
wy,2026-06-06,0,0,0,0
wy,2026-06-13,0,0,0,0
wy,2026-06-20,0,0,0,0
